,name,Latitude,lon,Max Temperature (F),Humidity (%),Wind Speed (MPH),Cloudiness (%)
0,Rikitea,-23.12,-134.97,75.17,87,18.68,70
1,Dumas,21.09,72.71,84.2,79,3.36,75
2,Margate,-43.03,147.26,50.4,66,9.17,20
3,San Cristobal,-0.39,-78.55,46.0,96,1.16,99
4,Labuhan,-2.54,115.51,89.75,55,2.26,4
5,Klaksvik,62.23,-6.59,44.6,87,3.36,42
6,Tuktoyaktuk,69.44,-133.03,68.0,49,8.05,40
7,Grand Gaube,-20.01,57.66,69.93,73,17.22,75
8,Ushuaia,-54.81,-68.31,30.2,92,5.99,0
9,Fort Frances,48.61,-93.4,67.73,46,8.16,90
10,San Quintin,17.54,120.52,88.67,63,8.5,99
11,East London,-33.02,27.91,59.87,55,19.71,17
12,Nanortalik,60.14,-45.24,36.47,93,2.3,100
13,Barabai,-2.59,115.38,89.93,54,3.69,13
14,Rio Grande,-32.03,-52.1,66.71,94,3.47,100
15,Murupara,-38.46,176.71,53.65,82,3.0,99
16,Albany,42.65,-73.75,62.02,43,9.17,40
17,Batticaloa,7.71,81.69,87.95,52,5.14,48
18,Omboue,-1.57,9.26,74.81,81,8.34,90
19,Itabaiana,-10.69,-37.43,78.8,88,14.99,40
20,Punta Arenas,-53.16,-70.91,33.37,86,11.41,0
21,Moerai,-22.43,-151.33,71.03,62,16.58,61
22,Bambous Virieux,-20.34,57.76,69.6,73,17.22,75
23,Mazamari,-11.33,-74.53,33.05,91,3.27,48
24,Victoria,5.28,115.24,82.22,88,3.36,75
25,Svetlogorsk,53.14,59.15,66.2,48,6.71,40
26,Saint-Leu,-21.15,55.28,64.4,72,6.93,20
27,Rudnya,50.8,44.56,74.09,54,2.39,0
28,Makakilo City,21.35,-158.09,86.0,66,9.17,1
29,Hobart,-42.88,147.33,50.0,66,9.17,20
30,Riachao das Neves,-11.75,-44.91,63.47,65,0.89,18
31,Jamestown,-33.21,138.6,51.23,42,6.04,0
32,Busselton,-33.64,115.35,58.95,86,18.12,29
33,Road Town,18.42,-64.62,80.2,69,9.17,20
34,Atuona,-9.8,-139.03,82.01,78,18.07,91
35,Los Llanos de Aridane,28.66,-17.92,68.0,77,5.82,14
36,Flensburg,54.78,9.43,49.78,87,2.24,33
37,Arraial do Cabo,-22.97,-42.02,67.61,80,14.52,0
38,Khatanga,71.98,102.47,73.73,37,9.46,9
39,Villa Carlos Paz,-31.42,-64.5,59.25,87,3.36,75
40,Chuy,-33.69,-53.46,64.73,97,8.48,100
41,Yellowknife,62.45,-114.38,64.4,55,6.93,75
42,Kapaa,22.08,-159.32,84.29,70,11.41,1
43,Sorland,67.67,12.69,49.43,87,15.75,58
44,Lasa,34.92,32.53,69.67,94,4.7,0
45,Smidovich,48.6,133.81,74.99,66,6.55,26
46,Calatayud,41.35,-1.64,68.95,82,3.36,100
47,Richards Bay,-28.77,32.06,69.77,74,18.59,0
48,Adrar,27.87,-0.29,82.4,9,9.17,0
49,Thompson,55.74,-97.86,60.8,87,8.05,90
50,Mataura,-46.19,168.86,46.99,91,4.0,100
51,Havre-Saint-Pierre,50.23,-63.6,59.0,58,11.41,20
52,Qaanaaq,77.48,-69.36,30.71,83,15.03,100
53,Douentza,15.01,-2.95,84.17,49,8.57,0
54,Humaita,-24.93,-65.37,55.65,87,3.36,0
55,Balad,-6.76,108.42,82.19,47,2.75,98
56,Vila,45.18,8.4,61.27,93,5.82,0
57,Esperance,10.24,-61.45,77.5,94,5.82,20
58,Benguela,-12.58,13.4,72.83,74,5.28,64
59,Sao Filipe,14.9,-24.5,72.29,83,15.7,58
60,Hermanus,-34.42,19.24,50.45,99,6.62,9
61,Avarua,-21.21,-159.78,75.2,57,11.41,0
62,Las Vegas,36.17,-115.15,85.44,8,5.82,1
63,Taoudenni,22.68,-3.98,85.97,10,8.7,0
64,Port Elizabeth,39.31,-74.98,67.5,77,4.7,1
65,Chokurdakh,70.62,147.9,66.53,30,12.77,61
66,Komsomolskiy,67.55,63.78,45.11,79,4.0,0
67,Luwuk,-0.95,122.79,68.87,90,6.11,97
68,Hithadhoo,-0.6,73.08,83.99,67,3.91,33
69,Xining,36.62,101.77,73.0,58,4.12,100
70,Fairbanks,64.84,-147.72,74.95,34,16.11,75
71,Harper,30.3,-99.24,80.56,69,9.17,75
72,Kavieng,-2.57,150.8,83.45,71,3.42,99
73,Saint-Philippe,45.36,-73.48,66.94,40,6.93,1
74,Kitimat,54.02,-128.69,59.0,72,12.75,75
75,Sydney,-33.85,151.22,58.91,67,17.22,75
76,Ribeira Grande,38.52,-28.7,65.45,80,14.38,5
77,Darhan,49.49,105.92,74.99,53,5.66,96
78,Codrington,-28.95,153.24,63.63,55,9.17,42
79,Flin Flon,54.77,-101.88,57.71,81,8.37,76
80,Pozzallo,44.81,9.34,64.31,64,6.93,0
81,Port Alfred,-33.59,26.89,60.01,90,10.0,100
82,Provideniya,64.42,-173.23,49.07,76,2.13,96
83,Beira,43.2,-8.36,60.03,72,8.05,40
84,Coos Bay,43.37,-124.22,59.74,72,23.04,1
85,Nuuk,64.17,-51.74,39.11,100,8.05,100
86,Torbay,47.66,-52.73,51.96,100,14.99,90
87,Waddan,29.16,16.14,74.81,39,6.78,0
88,Butaritari,3.07,172.79,85.07,73,9.1,74
89,Geraldton,49.72,-86.95,64.4,42,5.82,20
90,Waingapu,-9.65,120.26,80.75,59,14.03,36
91,Nikolskoye,59.7,30.79,55.83,93,4.47,0
92,Castro,-42.48,-73.76,48.2,100,5.82,90
93,Mana,43.52,20.24,66.06,88,4.7,0
94,Salalah,17.01,54.1,82.4,94,4.7,75
95,Pisco,-13.71,-76.2,61.16,77,10.29,90
96,Barrow,-38.31,-60.23,51.05,65,9.75,100
97,Omsukchan,62.53,155.8,55.37,46,13.67,22
98,Carnot,4.94,15.87,69.95,93,0.94,94
99,Honningsvag,70.98,25.97,42.05,79,12.64,42
100,Bethel,60.79,-161.76,63.05,52,10.29,75
101,Manakara,-22.14,48.01,63.83,97,5.3,100
102,Twentynine Palms,34.14,-116.05,90.19,7,14.99,1
103,Cape Town,-33.93,18.42,54.97,79,15.32,0
104,At-Bashi,41.17,75.81,59.0,80,10.02,100
105,Hofn,64.25,-15.21,38.09,81,3.04,81
106,Anacortes,48.5,-122.62,59.95,72,11.41,1
107,Carnarvon,-30.97,22.13,38.63,89,5.5,0
108,Kaeo,-35.1,173.78,61.48,99,11.07,16
109,New Norfolk,-42.78,147.06,50.4,66,9.17,20
110,Manokwari,-0.87,134.08,79.67,74,5.35,2
111,Aykhal,65.95,111.51,60.8,28,4.47,0
112,Puerto Ayora,-0.74,-90.35,71.39,81,11.5,42
113,Kearney,40.7,-99.08,59.76,93,12.75,90
114,Kantang,7.42,99.52,77.0,100,10.29,75
115,Anloga,5.79,0.9,76.79,87,11.79,100
116,Vila Velha,-3.71,-38.6,81.14,78,11.41,20
117,Lata,30.78,78.62,46.91,45,3.65,0
118,Sinnamary,5.38,-52.96,80.93,81,14.63,100
119,Mar del Plata,-46.43,-67.52,42.95,78,10.42,13
120,Stettler,52.32,-112.71,58.07,84,5.39,0
121,Balabac,7.99,117.06,88.49,61,6.8,93
122,Pevek,69.7,170.27,36.11,76,23.0,74
123,Macamic,48.75,-79.0,59.0,67,3.33,40
124,Isangel,-19.55,169.27,77.0,88,5.3,90
125,Hay River,60.82,-115.79,50.0,81,9.17,75
126,Dikson,73.51,80.55,33.77,84,12.21,100
127,Wewak,-3.55,143.63,84.35,65,7.78,98
128,Clyde River,70.47,-68.59,41.0,80,4.7,90
129,Bani Walid,31.76,14.0,77.51,23,9.95,0
130,Dok Kham Tai,19.16,99.99,84.71,69,2.19,82
131,Aldan,58.61,125.39,62.03,80,5.01,98
132,Tazovskiy,67.47,78.7,46.73,59,8.95,0
133,Kampil,27.61,79.28,90.65,49,8.68,0
134,Ust-Kulom,61.69,53.69,62.75,98,5.84,100
135,Ranong,9.96,98.62,80.6,94,2.24,75
136,Mehamn,71.03,27.85,40.97,77,13.62,0
137,Doka,13.52,35.76,76.07,80,10.76,86
138,Grindavik,63.84,-22.43,46.51,93,3.36,0
139,Mountain Home,43.13,-115.69,71.87,18,17.22,20
140,Constitucion,23.99,-104.67,82.4,17,14.99,20
141,Tuatapere,-46.13,167.69,46.99,91,4.0,73
142,Bluff,-23.58,149.07,65.45,46,10.69,91
143,Jaleswar,21.8,87.22,87.95,67,8.61,41
144,Kosh-Agach,49.99,88.66,58.25,37,1.05,100
145,Hermitage,41.23,-80.45,58.77,63,4.7,1
146,Ulladulla,-35.36,150.48,48.69,93,11.41,90
147,Touros,-5.2,-35.46,73.4,88,4.7,0
148,Dingle,11.0,122.67,88.31,62,2.93,65
149,Kutum,14.2,24.66,80.39,39,4.32,76
150,Gornopravdinsk,60.06,69.92,58.07,52,5.21,28
151,Luderitz,-26.65,15.16,50.0,76,3.36,0
152,Vaini,15.34,74.49,71.6,94,3.8,75
153,Ullapool,57.9,-5.16,50.43,87,5.55,100
154,Saskylakh,71.97,114.09,66.89,35,7.05,71
155,Iwaki,37.05,140.89,74.5,69,5.82,75
156,Faya,18.39,42.45,66.2,22,2.89,5
157,Straumen,63.87,11.3,48.04,93,6.93,40
158,Rapar,23.57,70.65,85.43,70,10.69,9
159,Tecoanapa,16.99,-99.26,77.0,94,14.99,90
160,Yar-Sale,66.83,70.83,54.29,53,15.88,92
161,Manbij,36.53,37.96,64.09,48,1.12,0
162,Ponta do Sol,-20.63,-46.0,58.61,88,3.56,17
163,Nikolayevsk-na-amure,53.14,140.72,47.63,94,2.91,100
164,Kingseat,56.1,-3.41,51.21,100,5.82,40
165,Dauphin,51.15,-100.04,62.6,77,8.05,90
166,Oktyabrskiy,55.61,37.97,66.51,82,6.71,0
167,Pangnirtung,66.15,-65.72,38.09,68,5.28,81
168,Kodiak,39.95,-94.76,67.46,100,8.05,75
169,Kargala,56.62,83.96,63.16,77,4.12,100
170,Bredasdorp,-34.53,20.04,51.01,99,3.51,7
171,Tokonou,9.65,-9.78,68.15,98,3.22,69
172,Praya,-8.71,116.27,82.4,69,6.93,20
173,Lebu,8.96,38.73,57.2,87,6.93,75
174,Tuam,53.52,-8.85,52.7,87,3.0,100
175,Caravelas,-17.73,-39.27,74.27,84,11.56,34
176,San Policarpo,12.18,125.51,83.45,73,3.4,100
177,Port Lincoln,-34.72,135.86,55.55,50,8.14,0
178,Zhumadian,33.01,114.02,89.75,37,7.25,0
179,Krasnovishersk,60.4,57.08,61.13,96,5.12,94
180,Russell,-33.01,-68.8,50.0,61,1.88,0
181,Cabedelo,-6.97,-34.84,71.6,94,4.7,0
182,Lavrentiya,65.58,-170.99,43.31,69,8.93,92
183,Galesong,-5.32,119.37,86.0,62,2.24,20
184,Barbastro,42.04,0.13,65.89,77,6.93,24
185,Jemnice,49.02,15.57,62.2,100,10.29,90
186,Cartagena,37.63,-1.0,66.24,88,5.82,4
187,Salinopolis,-0.61,-47.36,82.55,73,17.2,60
188,Kungalv,57.87,11.98,52.52,93,5.82,0
189,Elizabeth City,36.3,-76.22,68.47,82,4.81,1
190,Katsuura,33.93,134.5,73.09,61,11.41,75
191,Prince Rupert,54.32,-130.32,55.4,76,4.7,90
192,Kidal,18.44,1.41,88.49,10,7.27,0
193,Souillac,45.6,-0.6,58.71,88,8.05,0
194,Pangody,65.85,74.49,57.53,49,14.2,1
195,Hilo,19.71,-155.08,75.38,69,8.05,90
196,Guerrero Negro,27.97,-114.04,62.93,81,13.96,0
197,Ketchikan,55.34,-131.65,53.6,93,6.93,90
198,Iisalmi,63.56,27.19,53.6,66,17.22,0
199,Saint-Pierre,48.95,4.24,55.26,87,5.82,0
200,Kavakli,41.09,28.33,72.01,93,5.82,0
201,Vostok,46.45,135.83,73.91,53,6.33,32
202,Shingu,33.72,135.99,77.0,78,4.7,75
203,Pedernales,0.07,-80.05,77.15,82,11.9,74
204,Luena,-11.78,19.91,45.65,68,2.01,0
205,Lorengau,-2.02,147.27,83.09,77,0.87,100
206,Pitkyaranta,61.57,31.48,49.43,75,18.66,0
207,Belyye Berega,53.21,34.66,68.0,82,4.47,20
208,Mercedes,-33.25,-58.03,66.0,96,6.17,100
209,Carutapera,-1.2,-46.02,72.65,96,3.78,56
210,Itupiranga,-5.13,-49.33,73.4,94,3.36,0
211,San Patricio,-26.98,-56.83,68.51,81,8.57,0
212,Tateyama,36.66,137.31,73.72,73,2.24,75
213,Madarounfa,13.3,7.16,86.69,51,15.35,62
214,Matara,-13.74,-72.9,38.99,94,3.18,2
215,Hamilton,43.26,-79.87,64.98,72,4.7,20
216,Iberia,-11.41,-69.49,69.77,70,1.9,4
217,Faanui,-16.48,-151.75,78.41,79,20.13,56
218,Ngunguru,-35.62,174.5,60.01,67,11.99,10
219,Sitka,37.17,-99.65,70.0,82,1.99,0
220,Acapulco,16.86,-99.88,77.0,94,14.99,90
221,Poronaysk,49.22,143.1,54.47,80,7.02,99
222,Saint Anthony,43.97,-111.68,55.9,47,9.17,1
223,Narsaq,60.91,-46.05,46.4,70,4.7,100
224,Stovring,56.89,9.84,44.62,94,3.22,100
225,Izumo,35.37,132.75,69.8,64,12.75,75
226,Lebork,54.54,17.75,48.09,100,2.24,0
227,Bath,51.38,-2.36,54.93,76,9.17,100
228,Seguin,29.57,-97.96,83.07,74,16.11,40
229,Sharan,33.15,68.78,70.85,22,12.82,0
230,Lagoa,37.14,-8.45,61.7,67,4.7,0
231,Mulege,26.88,-111.98,81.11,46,1.3,0
232,Pailon,-17.66,-62.72,71.6,83,4.7,0
233,Man,7.41,-7.55,69.23,99,2.46,94
234,Beohari,24.05,81.38,85.25,60,1.7,38
235,Port-de-Bouc,43.4,4.98,63.64,88,1.12,0
236,Marion,35.21,-90.2,73.51,83,4.7,20
237,Carballo,43.21,-8.69,60.96,72,8.05,40
238,Barroquinha,-3.02,-41.13,72.83,80,3.38,31
239,Ilulissat,69.22,-51.1,37.4,87,3.36,75
240,Nakur,29.92,77.31,92.09,45,11.39,0
241,Goderich,43.74,-81.71,53.83,89,3.51,7
242,Nelson Bay,-32.72,152.14,52.75,100,6.93,90
243,Axim,4.87,-2.24,77.69,88,12.41,89
244,Knysna,-34.04,23.05,55.4,93,9.17,84
245,Camacha,33.08,-16.33,70.59,83,6.93,40
246,Mala Vyska,48.64,31.63,66.71,80,3.36,88
247,Eura,61.13,22.13,46.27,87,2.24,0
248,Baherden,38.44,57.43,81.29,16,9.08,0
249,Berlevag,70.86,29.09,41.51,81,13.91,0
250,Ternate,14.29,120.72,90.09,63,6.93,20
251,Tura,25.52,90.21,86.33,76,7.05,23
252,Tiksi,71.64,128.87,53.57,57,14.61,0
253,Vila Franca do Campo,37.72,-25.43,64.4,82,4.7,75
254,Hirara,24.8,125.28,84.2,83,10.29,75
255,Grants,35.15,-107.85,62.6,29,17.22,1
256,Jumla,29.28,82.18,58.97,79,1.68,67
257,Galle,29.74,-97.91,82.83,74,16.11,40
258,Wynyard,51.77,-104.18,55.01,84,5.44,7
259,Hanstholm,57.12,8.61,45.68,3,7.92,100
260,Monteagudo,-19.8,-63.96,55.01,82,2.77,0
261,Avera,33.19,-82.53,72.16,94,8.05,75
262,Poum,41.28,20.71,59.87,79,2.68,63
263,Miura,35.17,139.64,72.52,88,5.82,75
264,Muroto,33.37,134.14,78.8,65,9.17,75
265,Ostrovnoy,68.05,39.51,36.83,97,16.55,100
266,Belmonte,40.36,-7.35,60.01,56,0.65,100
267,Tasiilaq,65.61,-37.64,29.99,75,4.52,0
268,Vao,59.1,26.19,53.03,76,7.4,0
269,Pacific Grove,36.62,-121.92,60.57,60,8.05,1
270,Fredericton,45.97,-66.65,58.57,76,6.93,1
271,Ucluelet,48.94,-125.55,58.17,76,16.11,40
272,Vanimo,-2.67,141.3,82.19,72,5.64,88
273,Okhotsk,59.36,143.24,48.89,81,13.47,100
274,Meulaboh,4.14,96.13,81.11,77,12.1,96
275,Paamiut,61.99,-49.67,37.73,92,6.46,87
276,Portland,45.52,-122.67,66.85,49,8.05,40
277,Cayenne,4.94,-52.33,77.0,94,3.36,0
278,Sumbe,-11.2,13.84,72.65,82,6.58,38
279,Ferme-Neuve,46.7,-75.45,58.07,59,5.17,3
280,Mount Gambier,-37.83,140.78,51.8,76,3.36,40
281,Trairi,-3.28,-39.27,71.75,87,3.51,90
282,Salinas,36.67,-121.66,60.57,60,8.05,1
283,Pingliang,35.54,106.68,62.75,78,8.14,100
284,Ayan,40.67,33.6,53.03,90,3.2,0
285,Ginda,30.69,78.49,78.8,74,4.7,40
286,Norman Wells,65.28,-126.83,73.4,40,13.87,40
287,Saint George,39.45,22.34,72.37,68,0.74,20
288,Umm Lajj,25.02,37.27,84.71,72,12.01,0
289,Christchurch,-43.53,172.64,48.94,93,1.12,100
290,Sokoni,-12.89,28.78,48.35,94,3.06,8
291,Paita,-5.09,-81.11,65.09,90,16.89,0
292,Loutros,40.59,22.4,73.44,69,5.82,20
293,Iqaluit,63.75,-68.52,42.39,70,18.34,20
294,Sidi Ali,36.1,0.42,69.41,89,4.68,0
295,Damghan,36.17,54.34,66.53,64,1.77,0
296,Nishihara,35.74,139.53,73.31,78,2.24,75
297,Soderhamn,61.3,17.06,46.89,98,0.4,16
298,Port Macquarie,-31.43,152.91,61.88,58,12.75,75
299,Biak,-0.91,122.88,68.87,90,6.11,97
300,Sistranda,63.73,8.83,50.36,81,6.93,75
301,Saldanha,41.42,-6.55,60.59,52,3.31,100
302,Belyy Yar,53.6,91.39,68.0,68,2.24,0
303,Kirakira,-10.46,161.92,83.81,70,7.54,86
304,Nome,30.04,-94.42,84.31,83,9.17,90
305,Moose Factory,51.26,-80.61,53.6,81,2.24,40
306,Shebunino,57.66,40.04,66.2,93,6.71,75
307,Anshun,26.25,105.93,68.51,88,4.38,100
308,Repnoye,51.59,43.18,73.01,61,2.48,0
309,Nouakchott,18.08,-15.98,69.8,88,13.87,0
310,Kaele,10.11,14.45,76.07,60,6.13,78
311,Georgetown,6.8,-58.16,80.6,83,6.93,20
312,Ixtapa,20.71,-105.21,82.69,65,5.82,5
313,Ancud,-41.87,-73.83,48.2,100,5.82,90
314,Padang,-0.92,100.36,82.55,74,12.73,100
315,Quanzhou,24.9,118.59,82.4,88,8.95,90
316,Alta Floresta,-9.87,-56.08,70.85,65,2.66,0
317,Leningradskiy,69.38,178.42,34.31,82,14.41,0
318,Hasaki,35.73,140.83,71.47,83,6.93,75
319,Nioro,13.79,-15.05,74.81,77,10.67,16
320,Auki,12.18,6.51,77.51,76,11.52,3
321,Taitung,22.76,121.15,89.6,66,4.7,75
322,Asosa,10.07,34.53,64.55,98,0.56,100
323,Coahuayana,18.62,-100.35,79.49,70,2.53,100
324,Rafaela,-31.25,-61.49,63.48,82,1.01,93
325,Biysk,52.54,85.21,60.23,93,9.64,100
326,Palmer,61.6,-149.11,66.4,48,4.65,75
327,Fortuna,38.18,-1.13,65.91,88,3.36,0
328,Verkhnetulomskiy,68.61,31.8,39.2,86,11.18,75
329,Griffith,-34.29,146.06,51.87,57,10.29,0
330,Santa Lucia,39.93,9.66,71.6,88,9.17,40
331,Duluth,46.77,-92.13,58.15,51,8.05,90
332,Hami,42.84,93.51,86.87,23,5.77,97
333,Tezu,27.93,96.16,81.65,88,2.55,54
334,Monmouth,51.81,-2.72,55.15,71,5.82,100
335,Tautira,-17.73,-149.15,77.0,83,4.7,90
336,Mecca,21.43,39.83,83.63,48,8.05,0
337,Ballina,54.11,-9.15,52.99,77,5.01,100
338,Husavik,50.56,-96.99,63.0,74,5.99,60
339,Sobolevo,54.43,31.9,58.43,92,9.66,100
340,Yulara,-25.24,130.99,55.4,28,13.87,0
341,Flinders,-34.58,150.85,55.74,93,11.41,90
342,Burnie,-41.05,145.91,53.01,59,5.01,0
343,Kaniama,-7.57,24.18,59.69,47,4.14,50
344,Port Augusta,-32.49,137.76,54.18,58,4.7,40
345,Kaitangata,-46.28,169.85,46.99,70,4.0,34
346,Virginia Beach,36.85,-75.98,67.89,82,2.71,1
347,Talnakh,69.49,88.39,37.4,93,6.71,90
348,Alanya,36.55,32.0,69.93,94,3.36,0
349,Teya,21.05,-89.07,89.29,43,16.11,40
350,Ahipara,-35.17,173.16,63.0,99,20.07,41
351,Qixia,37.31,120.83,92.34,24,9.24,0
352,Greenville,34.85,-82.4,70.21,100,3.36,40
353,Alice Springs,-23.7,133.88,53.6,32,14.99,0
354,Brawley,32.98,-115.53,99.18,6,1.45,1
355,Sola,62.78,29.36,55.51,71,11.41,0
356,Suntar,62.16,117.65,68.87,43,9.19,0
357,Aswan,24.09,32.9,81.65,30,15.93,0
358,Chumikan,54.72,135.31,45.29,86,5.88,100
359,Santiago de las Vegas,22.97,-82.39,82.15,88,6.93,75
360,Marseille,43.3,5.37,63.0,77,3.36,0
361,Maniitsoq,65.42,-52.9,38.63,95,7.78,100
362,Beringovskiy,63.05,179.32,61.67,57,7.14,32
363,Ossora,59.24,163.07,45.83,87,4.72,100
364,Safford,32.83,-109.71,81.55,9,24.16,1
365,Mahebourg,-20.41,57.7,69.53,73,17.22,75
366,Barda,56.93,55.59,64.01,96,9.71,100
367,Monte Alegre,-2.0,-54.07,75.53,81,4.63,0
368,Airai,-8.93,125.41,83.45,52,3.18,36
369,Talaya,55.79,84.89,64.4,77,6.71,0
370,Majene,-3.54,118.97,82.01,80,22.91,0
371,Sao Joao da Barra,-21.64,-41.05,62.39,83,1.34,0
372,Verkhnevilyuysk,63.45,120.31,68.69,42,10.42,72
373,Scottsbluff,41.87,-103.67,57.79,63,6.93,75
374,Upernavik,72.79,-56.15,34.31,87,12.8,100
375,Ouesso,1.61,16.05,70.31,93,2.62,69
376,Nouadhibou,20.93,-17.03,66.2,88,19.46,20
377,Luganville,-15.51,167.18,82.4,65,9.17,75
378,Rio Gallegos,-51.62,-69.22,32.0,74,3.36,0
379,Vilyuysk,63.75,121.63,54.29,95,8.9,100
380,Mossendjo,-2.95,12.72,65.09,98,1.43,43
381,Zhigansk,66.77,123.37,74.09,43,13.49,79
382,Saint-Augustin,44.83,-0.61,62.02,77,8.05,0
383,Takestan,36.07,49.69,62.6,72,2.24,0
384,Chirawa,28.24,75.64,98.93,25,8.34,0
385,Quatre Cocos,-20.21,57.76,69.71,73,17.22,75
386,Berdigestyakh,62.1,126.7,66.71,77,5.28,100
387,Santiago,-33.44,-70.65,52.21,71,1.63,97
388,Boa Vista,2.82,-60.67,82.4,74,1.12,75
389,Kieta,-6.22,155.63,83.09,70,2.51,89
390,Cidreira,-30.17,-50.22,66.35,85,4.12,68
391,Hamina,60.57,27.2,51.8,71,6.93,0
392,Lamu,0.57,122.3,83.81,72,8.46,5
393,Tashla,53.71,49.75,73.4,49,6.71,0
394,West Wendover,40.74,-114.07,69.8,19,9.17,1
395,Ayala,15.23,120.7,89.6,70,2.24,75
396,Bandarbeyla,9.49,50.81,79.85,59,22.21,13
397,Makasar,-6.28,106.88,84.4,74,9.17,20
398,Itoman,26.12,127.67,76.41,94,16.11,75
399,Curvelo,-18.76,-44.43,60.41,91,6.02,0
400,Kota Kinabalu,5.98,116.07,86.0,79,9.17,75
401,Naze,5.43,7.07,71.93,96,1.83,99
402,Bonavista,48.65,-53.11,53.01,85,1.99,100
403,Tessalit,20.2,1.01,88.49,9,6.31,0
404,Carauari,-4.88,-66.9,72.83,96,1.43,62
405,Nemours,48.27,2.7,58.89,87,2.24,0
406,Wuwei,37.93,102.64,77.51,37,4.32,99
407,Port Blair,11.67,92.75,86.0,79,6.93,40
408,Kailua,21.39,-157.74,86.0,66,8.05,20
409,Bathsheba,13.22,-59.52,80.6,83,11.41,40
410,Vardo,39.62,-77.74,62.46,63,3.38,1
411,Tshikapa,-6.42,20.79,65.09,44,3.18,9
412,Wajir,1.75,40.07,73.55,58,11.74,18
413,Longyearbyen,78.22,15.63,46.4,70,4.7,40
414,Raha,10.89,8.13,73.91,62,5.86,100
415,Itarema,-2.92,-39.92,72.11,91,4.14,7
416,Tefe,-3.35,-64.71,73.01,97,2.59,100
417,Khash,28.22,61.21,80.03,15,10.83,25
418,Broome,52.47,1.45,51.15,100,4.7,100
419,Kushiro,43.11,144.15,60.8,77,3.36,75
420,Oussouye,12.49,-16.54,75.89,87,13.62,87
421,Odienne,9.51,-7.57,71.57,93,4.18,87
422,Abu Samrah,35.3,37.18,70.67,71,8.01,0
423,Mackenzie,55.34,-123.09,68.0,34,5.82,90
424,Pimentel,-3.7,-45.5,72.47,83,1.7,0
425,Ghanzi,-21.7,21.65,48.53,55,3.98,0
426,Sao Raimundo das Mangabeiras,-7.02,-45.48,72.29,63,3.56,24
427,Dunedin,-45.87,170.5,46.99,72,11.01,0
428,Emerald,-23.53,148.16,68.0,40,5.82,75
429,Aasiaat,68.71,-52.87,30.89,85,2.84,43
430,Bowen,-20.01,148.25,75.22,60,12.75,40
431,Nago,45.88,10.89,60.19,82,2.24,0
432,Sechura,-5.56,-80.82,64.91,87,13.91,1
433,Onega,63.91,38.09,50.33,75,18.86,0
434,Gat,14.69,-16.54,73.4,83,6.93,75
435,Rognan,67.1,15.4,48.6,87,17.22,75
436,Hervey Bay,-25.3,152.85,72.0,52,11.41,75
437,Kamenka,53.19,44.05,75.0,48,4.41,0
438,Kenai,60.55,-151.26,63.07,67,9.17,1
439,Sisimiut,66.94,-53.67,37.01,96,4.09,98
440,Baruun-Urt,46.68,113.28,86.87,19,9.1,98
441,Harrisburg,40.27,-76.89,62.96,59,4.7,1
442,Varna,43.22,27.9,64.74,93,2.24,0
443,Isla Vista,34.41,-119.86,64.51,77,11.41,1
444,Rovaniemi,66.5,25.72,46.4,93,13.87,90
445,Ko Samui,9.54,99.94,86.0,74,2.24,20
446,Aquiraz,-3.9,-38.39,81.1,78,11.41,20
447,Kyren,51.68,102.13,60.23,58,2.77,28
448,Monrovia,6.33,-10.8,75.2,94,9.17,75
449,Taltal,-25.41,-70.49,51.59,88,1.12,36
450,Kruisfontein,-34.0,24.73,55.55,90,13.78,78
451,Alofi,-19.06,-169.92,77.0,65,13.87,0
452,Mangit,40.6,70.96,77.0,38,4.7,80
453,Merauke,-8.49,140.4,78.41,79,19.13,12
454,Muros,42.77,-9.06,60.44,87,9.17,75
455,Urengoy,65.96,78.37,54.83,51,6.11,0
456,Ahuimanu,21.44,-157.84,86.0,66,8.05,20
457,Gobabis,-22.45,18.97,39.2,48,2.37,0
458,Roald,62.58,6.12,48.45,81,17.22,91
459,Roberval,48.51,-72.22,66.42,52,8.05,20
460,Brasilia,-10.9,-37.55,78.8,88,14.99,40
461,Homnabad,17.77,77.13,79.13,71,7.87,89
462,Auka,14.93,-83.83,77.15,90,5.53,68
463,Necochea,-38.55,-58.74,53.01,90,8.01,100
464,Rock Springs,41.59,-109.2,48.2,42,16.11,90
465,Hohhot,40.81,111.65,62.6,93,4.47,75
466,Popondetta,-8.77,148.24,74.81,80,3.0,98
467,Rome,41.89,12.48,65.37,77,2.24,0
468,Candido Mendes,-1.45,-45.72,71.39,98,2.39,62
469,Krasnoyarskaya,47.65,42.04,71.93,50,7.99,36
470,Surt,31.21,16.59,76.97,72,6.67,0
471,Chalmette,29.94,-89.96,83.98,83,9.17,1
472,Cairns,-16.92,145.77,74.98,57,16.11,20
473,Mumford,5.26,-0.76,74.45,93,4.5,89
474,Bintulu,3.17,113.03,82.4,83,3.36,75
475,Cape Canaveral,28.41,-80.6,82.6,74,4.7,1
476,Boulder City,35.98,-114.83,86.0,8,5.82,1
477,Madang,-5.21,145.81,87.59,52,1.54,89
478,Cabo San Lucas,22.89,-109.91,78.78,23,16.11,5
479,Vestmannaeyjar,63.44,-20.27,51.05,76,11.43,42
480,Conceicao do Araguaia,-8.26,-49.26,71.57,65,1.36,68
481,Minab,27.15,57.07,87.8,66,2.24,0
482,Mayor Pablo Lagerenza,-19.93,-60.77,71.93,61,5.73,0
483,Raudeberg,61.99,5.14,49.64,81,17.22,84
484,Machilipatnam,16.18,81.14,84.2,74,4.7,90
485,Podyuga,61.09,40.86,57.35,61,10.02,0
486,Key West,47.93,-96.78,61.47,93,11.41,75
487,The Valley,18.22,-63.06,81.41,69,10.29,20
488,Bar Harbor,44.39,-68.2,58.75,67,4.7,75
489,Simplicio Mendes,-7.85,-41.91,73.19,60,6.98,9
490,Vikevag,59.1,5.7,52.0,93,5.82,100
491,Khani,41.96,42.96,71.6,94,4.7,40
492,Longkou,37.64,120.47,74.63,61,9.33,0
493,Tuxtla Chico,14.94,-92.17,75.2,100,3.65,90
494,Riyadh,24.63,46.72,77.0,15,5.82,0
495,Solnechnyy,50.72,136.64,65.81,61,5.28,100
496,Kungurtug,50.6,97.53,69.05,46,3.38,55
497,Tarakan,3.3,117.63,81.29,83,4.9,100
498,Ous,60.91,61.52,58.61,94,1.92,100
499,Poltava,49.59,34.55,66.71,85,8.08,100
500,Gympie,-26.2,152.66,60.01,73,3.0,8
501,Great Bend,38.36,-98.78,68.5,83,9.17,75
502,Yelizovo,53.19,158.38,55.4,82,13.42,20
503,Amreli,21.6,71.21,85.07,62,7.4,0
504,Cherskiy,68.75,161.3,73.91,30,7.94,1
505,San Andres,13.32,122.68,90.29,55,6.49,49
506,Sao Jose da Coroa Grande,-8.9,-35.15,69.77,93,2.01,23
507,Cheremukhovo,56.23,46.23,70.49,86,6.31,19
508,Ronne,48.45,0.83,58.68,93,2.24,0
509,Santo Tomas,15.88,120.59,90.29,61,4.23,100
510,Lucapa,-8.42,20.74,56.81,45,4.61,28
511,Hun,50.34,4.87,56.62,82,6.93,0
512,Mandurah,-32.55,115.7,60.76,100,8.05,90
513,Isoka,-10.15,32.64,49.07,93,2.51,100
514,Lodhran,29.54,71.63,101.99,29,9.89,0
515,Brokopondo,5.06,-54.98,77.0,94,2.24,75
516,Xichang,27.88,102.25,77.0,65,1.28,91
517,Plainview,34.18,-101.71,81.93,51,17.22,40
518,Tiznit,29.7,-9.73,64.91,88,10.56,0
519,Ust-Kuyga,70.0,135.55,81.47,25,11.72,0
520,Marcali,46.58,17.41,64.4,93,4.7,75
521,Upata,8.02,-62.41,78.01,84,1.99,69
522,Coquimbo,-29.95,-71.34,54.97,87,3.36,0
523,Severo-Kurilsk,50.68,156.12,44.39,90,7.87,0
524,Uvalde,29.21,-99.79,83.21,74,10.29,1
525,Brae,60.4,-1.35,47.62,100,4.7,36
526,Sayaxche,16.52,-90.17,75.35,98,3.58,100
527,Alihe,50.57,123.73,78.77,42,5.82,94
528,Turukhansk,65.8,87.96,55.37,60,7.7,74
529,Saint-Georges,46.12,-70.67,58.77,49,8.48,18
530,Sanivarsante,12.73,75.9,71.93,95,3.74,96
531,Kalangala,-0.32,32.29,71.03,78,12.33,93
532,Maceio,-9.67,-35.74,71.6,94,3.36,40
533,Wana,32.31,69.59,67.07,57,6.33,0
534,Alyangula,-13.85,136.42,77.0,50,9.17,0
535,Turbiv,49.34,28.73,64.73,86,3.31,70
536,Bridlington,54.08,-0.19,51.78,93,3.36,100
537,Olinda,-2.03,-79.75,75.67,87,1.01,39
538,Kisangani,0.52,25.21,72.11,83,1.39,100
539,Mopti,14.49,-4.19,85.07,46,13.6,8
540,Rumilly,45.87,5.94,57.34,93,1.12,0
541,Dom Pedrito,-30.98,-54.67,66.53,93,7.09,100
542,Taylor,30.57,-97.41,83.37,79,13.87,1
543,Hit,33.64,42.83,85.79,23,9.26,0
544,Yatou,3.63,9.81,78.59,86,18.03,100
545,Manzhouli,49.6,117.43,85.43,33,7.74,89
546,Lompoc,34.64,-120.46,62.49,87,5.82,75
547,Sheopur,25.67,76.7,94.97,40,6.11,0
548,Lodwar,3.12,35.6,79.85,57,6.26,69
549,Guider,9.93,13.94,71.39,73,3.29,100
550,Srednekolymsk,67.46,153.71,73.19,32,16.69,84
551,Viedma,-40.81,-62.99,52.49,60,13.22,10
552,Salantai,56.06,21.57,43.47,93,2.24,0
553,Maningrida,-12.05,134.23,82.19,36,10.56,33
554,Barcelos,41.53,-8.62,57.9,93,6.93,75
555,Shakawe,-18.36,21.84,48.53,61,2.13,0
556,Dakar,14.69,-17.45,73.4,83,6.93,75
557,Teahupoo,-17.83,-149.27,77.0,83,4.7,90
558,Hortolandia,-22.86,-47.22,64.4,77,9.17,0
559,Timon,-5.1,-42.84,77.0,78,4.7,0
560,Marrakesh,31.63,-7.99,66.2,63,6.93,0
561,Altar,30.72,-111.84,68.87,32,3.83,100
562,Annonay,45.24,4.67,56.48,100,3.36,0
563,Altay,47.83,88.13,63.11,50,10.65,94
564,Abha,18.22,42.5,66.2,22,2.62,5
565,Buala,-8.15,159.59,82.19,78,12.84,100
566,Apt,43.88,5.4,64.31,87,2.59,0
567,Sterling,39.0,-77.4,65.21,72,4.56,1
568,Winslow,51.94,-0.88,52.12,93,6.93,100
